handleId,fieldType,name,description,productImageUrl,collection,sku,ribbon,price,surcharge,visible,discountMode,discountValue,inventory,weight,cost,productOptionName1,productOptionType1,productOptionDescription1,productOptionName2,productOptionType2,productOptionDescription2,productOptionName3,productOptionType3,productOptionDescription3,productOptionName4,productOptionType4,productOptionDescription4,productOptionName5,productOptionType5,productOptionDescription5,productOptionName6,productOptionType6,productOptionDescription6,additionalInfoTitle1,additionalInfoDescription1,additionalInfoTitle2,additionalInfoDescription2,additionalInfoTitle3,additionalInfoDescription3,additionalInfoTitle4,additionalInfoDescription4,additionalInfoTitle5,additionalInfoDescription5,additionalInfoTitle6,additionalInfoDescription6,customTextField1,customTextCharLimit1,customTextMandatory1,customTextField2,customTextCharLimit2,customTextMandatory2,brand
product_971b836e-4672-5a2c-134e-2c476209e199,Product,Barbeador Profissional Dragão,"<p>Máquina de Barbear e Cortar Cabelo Profissional Recarregável Sem Fio Retrô Esta Máquina além de possuir um designer único, traz em sua lâmina um formato T, que facilita na hora de fazer marcações e acabamentos, contando também com uma visão limpa das lâminas permitindo mais precisão e agilidade. Perfeita para o seu dia a dia e para Profissionais de Barbearia trazendo mais produtividade e estilo. Fácil de limpar, resistente a água e com um motor potente chegando a 7.000 rotações por minuto.</p>",8209a8_14a7dd051e2d4230b8d3a9067874ad96~mv2.webp;8209a8_2b9469bcb1314eb1852545f99f3190f1~mv2.jpg;8209a8_83904795a93d4d56aaa8795668f0db2f~mv2.jpg;8209a8_28db1edb71d34d159f6001988e962631~mv2.jpg;8209a8_0b5a2b306a544efdba4ba4e680ef135f~mv2.jpg;8209a8_dfcaff4de8314e06a18790480f621c59~mv2.jpg;8209a8_564230eb6af645e894703b600e2065d4~mv2.jpg,,,Novidade,249.99,,true,AMOUNT,100.0,InStock,,,,,,,,,,,,,,,,,,,,,Pode ser usada para,"<p>– Aparar a barba</p>

<p>– Cortar o cabelo</p>

<p>– Fazer o pezinho e marcações</p>

<p>– Acabamentos e disfarces</p>

<p>– Desenhos</p>

<p>– Depilar o peitoral, axilas, costas e pernas.</p>
",Olha só quantas Qualidades!,"<p>– Sem fio, mais mobilidade pra você</p>

<p>– 5W de potência, baixo ruído, motor mais silencioso</p>

<p>– Não precisa remover a bateria para carregar, basta plugar o cabo</p>

<p>– Bateria de 1500mAh com duração de 180min ininterruptos, com apenas 3hs de carga</p>

<p>– Compacta, leve e ergonômica</p>

<p>– Portátil, Leve em suas viagens</p>

<p>– Corpo em Metal, com acabamento vintage em alto relevo</p>

<p>– Troca rápida de pentes</p>

<p>– Carregue em qualquer entrada USB (Power Bank, computadores e etc.)</p>

<p>– Bivolt 110/220v</p>
",,,,,,,,,,,,,,,
product_391c4264-41e8-9b33-9c8a-816469fbac60,Product,Depilador Batom Portátil,"<p>Descubra a praticidade e a eficiência do Depilador Batom Portátil, a maneira mais fácil e indolor de remover os pelos indesejados em qualquer lugar e a qualquer hora. Com design elegante e compacto, similar a um batom, ele cabe perfeitamente na sua bolsa, garantindo uma pele lisinha sempre que você precisar.</p>",8209a8_7f3e3ebda9044eb4842bc89fe135dc63~mv2.jpeg;8209a8_164ff4167ac04ceeadb8b70fc679b3fc~mv2.jpeg;8209a8_7ee9f74f530f40c3b1d203c0aafee25d~mv2.jpeg;8209a8_d9486f0c068140e1a8fee5690030b761~mv2.jpeg;8209a8_0acb7a6049774fbcbcaf7240e8e1a9bb~mv2.jpeg;8209a8_fadb4667291c4ed29ea3231c20703bbc~mv2.jpeg;8209a8_02042341d64240a4b95e121d36555595~mv2.jpeg,,,Novidade,209.99,,true,AMOUNT,100.0,InStock,,,,,,,,,,,,,,,,,,,,,Principais Características,"<p><strong>Depilação Indolor:</strong> Livre-se dos pelos sem sentir dor, cortes ou irritações.</p>

<p><strong>Design Discreto e Portátil:</strong> Leve-o para onde quiser, com a aparência de um batom elegante.</p>

<p><strong>Fácil de Usar:</strong> Remova os pelos de forma rápida e simples, sem complicações.</p>

<p><strong>Seguro para a Pele:</strong> Ideal para todos os tipos de pele, sem causar alergias.</p>
",Benefícios,"<p>Pele lisa e macia em segundos.</p>

<p>Praticidade para retoques a qualquer momento.</p>

<p>Discreto e fácil de transportar.</p>

<p>Indolor e seguro para uso diário.</p>
",,,,,,,,,,,,,,,
product_7dc6eba0-9180-7b29-e83d-595c0b704d58,Product,BellaMax Antivarizes,"<p>BellaMax Antivarizes em gotas é uma fórmula americana inovadora, desenvolvida com ingredientes 100% naturais e comprovadamente eficazes para o tratamento de varizes e outros problemas circulatórios nas pernas. Desfrute de uma abordagem segura e suave para resgatar a saúde e a beleza das suas pernas.</p>",8209a8_63064de36abd419faf40abcf22124230~mv2.png;8209a8_c492e1da919d4db3b8ec61fd26f3071c~mv2.png;8209a8_03d7190e5b8b4b73b0acb87774c18f22~mv2.png,,,Novidade,297.0,,true,AMOUNT,100.0,InStock,,,,,,,,,,,,,,,,,,,,,Benefícios,"<p><strong>Alívio de Varizes e Microvasos:</strong> Sua fórmula exclusiva, com Pinus Pinaster, age no sistema circulatório para eliminar varizes e microvasos.</p>

<p><strong>Auxilia na Trombose:</strong> O Pinus Pinaster também atua na prevenção e tratamento da trombose.</p>

<p><strong>Regeneração de Veias e Artérias:</strong> O Extrato Seco de Semente de Uva contribui para a saúde vascular.</p>

<p><strong>Combate a Dores e Inchaços:</strong> O Magnésio, aliado poderoso contra varizes, ajuda a aliviar o desconforto.</p>

<p><strong>Rico em Vitaminas:</strong> Contém Vitaminas A e C, importantes para a saúde da pele e circulação.</p>

<p><strong>Ação Antioxidante:</strong> O Café Verde presente na fórmula oferece propriedades antioxidantes.</p>
",,,,,,,,,,,,,,,,,
product_8586f64f-37af-ac40-3ebe-d8c4a19839a0,Product,Melzinho do Amor,"<p>O Melzinho do Amor é um suplemento especialmente formulado para intensificar seus momentos íntimos e reacender a paixão. Com ingredientes cuidadosamente selecionados, ele visa proporcionar mais energia, desejo e prazer para ambos os parceiros.</p>",8209a8_91384ef6c6884dabb519347dfdd4e60f~mv2.png;8209a8_c6ca006274614cdfae63a5d3eaa9b74f~mv2.png,,,Novidade,179.9,,true,AMOUNT,100.0,InStock,,,,,,,,,,,,,,,,,,,,,Sinta a Diferença,"<p>Ao consumir o Melzinho do Amor, você poderá experimentar um aumento da libido, maior disposição e uma sensibilidade aprimorada. Ele é projetado para criar uma atmosfera mais excitante e prazerosa em seus encontros românticos.</p>
",Benefícios Potenciais,"<p><strong>Aumento da Libido:</strong> Estimula o desejo sexual em ambos os parceiros.</p>

<p><strong>Mais Energia e Disposição:</strong> Combate o cansaço e promove uma maior vitalidade para os momentos íntimos.</p>

<p><strong>Sensibilidade Aprimorada:</strong> Pode intensificar as sensações e o prazer durante a relação.</p>

<p><strong>Momentos Mais Prazerosos:</strong> Contribui para uma experiência íntima mais satisfatória para o casal.</p>
",,,,,,,,,,,,,,,
product_1665e7a3-c176-3ed7-4533-929fe679fa21,Product,Pistola de Massagem Profissional,"<p><strong>Pistola de Massagem Profissional - Alívio de Dores e Recuperação Muscular</strong>&nbsp;é a solução ideal para quem busca reduzir dores musculares e tensão de maneira eficaz e silenciosa. Com 6 velocidades ajustáveis e tecnologia de motor super silencioso (45dB), oferece uma experiência de massagem profissional no conforto da sua casa ou academia. Além disso, a portabilidade da bateria de longa duração garante uso em qualquer lugar.</p>",8209a8_51d27169a41f498abbfbd4b770177341~mv2.png;8209a8_9a5b88415ab2463e9f207d5c9f5ee5f6~mv2.webp;8209a8_50c71406f861459792ce9022019b38a0~mv2.webp;8209a8_2e519b5a43fc4bc08e5612eec5f4c2c7~mv2.webp;8209a8_34ea5ccddf47403b92168d5cec99aa14~mv2.webp;8209a8_94a0d23e70134cbfbd1fb0b2d3a364ef~mv2.webp;8209a8_e22c690af6dd43ff8200891f18fd4d2b~mv2.webp;8209a8_7da7974edb0947b887863141105a9f0c~mv2.webp;8209a8_cb3af22ffd454baf8092c1fd838a0e00~mv2.webp;8209a8_adae5044e76043839e629914f15d9fca~mv2.webp;8209a8_b978d33e518c4202a5c8edff9cbbe6a0~mv2.webp;8209a8_7867ccea2d8b4e10a1c6c3aacc22ded0~mv2.webp,,,Novidade,229.99,,true,AMOUNT,120.0,InStock,,,,,,,,,,,,,,,,,,,,,Benefícios,"<p><strong>Alívio de Dores Musculares</strong>: Combate a rigidez muscular e ajuda a reduzir inflamações nas costas, pescoço, pernas e ombros.</p>

<p><strong>Recuperação Muscular</strong>: Perfeita para atletas e esportistas, acelera a recuperação pós-treino e diminui as dores.</p>

<p><strong>Tecnologia Silenciosa</strong>: Com apenas 45dB, é ideal para uso em qualquer ambiente sem ruídos incômodos.</p>

<p><strong>Uso Versátil</strong>: Pode ser usada em casa, no trabalho ou na academia. Leve e compacta, é perfeita para ser transportada.</p>
",Características,"<p><strong>Material</strong>: Construída em ABS durável</p>

<p><strong>Peso</strong>: 0,7kg, leve e fácil de manusear</p>

<p><strong>Frequência</strong>: 1200-3200 rpm, ajustável em 6 velocidades</p>

<p><strong>Bateria</strong>: 1800mAh com autonomia de 4-6 horas</p>

<p><strong>Carregamento</strong>: USB, tempo de carga 2,5-3 horas</p>

<p><strong>Ruído</strong>: Super silenciosa com 45dB</p>

<p><strong>Acessórios</strong>: 4 cabeças de massagem intercambiáveis para diferentes áreas do corpo</p>
",Dicas de Uso,"<p><strong>Antes do Uso</strong>: Carregue totalmente a pistola de massagem antes do primeiro uso.</p>

<p><strong>Troca de Cabeças</strong>: Utilize as diferentes cabeças de massagem conforme a área do corpo e tipo de massagem desejada.</p>

<p><strong>Tempo de Uso</strong>: Não utilize a pistola de massagem na mesma área por mais de 15 minutos contínuos para evitar irritações.</p>

<p><strong>Manutenção</strong>: Limpe as cabeças de massagem regularmente com um pano úmido para garantir a higiene.</p>

<p><strong>Armazenamento</strong>: Guarde a pistola de massagem em local seco e protegido, evitando exposição direta ao sol.</p>
",,,,,,,,,,,,,
product_e1958699-fb5a-1ef5-95b7-ee192abea265,Product,Mel Árabe - 2 unidades,"<p>Descubra o segredo dos famosos para uma vida íntima mais intensa e prazerosa com o Mel Árabe, um suplemento sexual importado diretamente de Dubai. Diferente de géis, cápsulas ou gotas convencionais, o Mel Árabe é um produto 100% natural que eleva sua libido e apetite sexual a níveis surpreendentes.</p>",8209a8_6e79047d0a0b4dafb56f811eea92f35b~mv2.png;8209a8_3cf16ba452c349d9a7dd99be991d5f98~mv2.png;8209a8_370ac49e006e4413aa6ac92dbadbbdc5~mv2.png;8209a8_6a901cb9ff064dda9858edf562326132~mv2.png,,,Novidade,229.0,,true,AMOUNT,122.0,InStock,,,,,,,,,,,,,,,,,,,,,Sinta a Diferença,"<p>Após a ingestão de um sachê, prepare-se para sentir uma excitação intensa e um aumento notável da libido. Muitos usuários relatam uma sensação de crescimento peniano, proporcionando mais confiança. E o melhor: o Mel Árabe também é um aliado para sua parceira, diminuindo o cansaço e intensificando o desejo sexual feminino.</p>
",Benefícios Incríveis,"<p><strong>Ereções Mais Fortes e Duradouras:</strong> Experimente uma potência prolongada.</p>

<p><strong>Diminuição do Cansaço na Hora H:</strong> Tenha mais energia e disposição para aproveitar ao máximo.</p>

<p><strong>Aumento no Desempenho Sexual:</strong> Desfrute de uma performance superior.</p>

<p><strong>Melhora na Vitalidade e Autoestima:</strong> Sinta-se mais confiante e vigoroso.</p>
",,,,,,,,,,,,,,,
product_eec1dbfd-1b2a-3ff6-b7c5-692818e5b478,Product,Calcinha Modeladora de Alta Compressão,"<p><strong>Tenha seu corpo dos sonhos com nossa Cinta Modeladora !!</strong></p><p>&nbsp;</p><p>Com a<strong>&nbsp;Calcinha Modeladora de Alta Compressão</strong>, você terá o corpo dos seus sonhos! Com seu tecido de alta qualidade e compressão.</p><p>Ela ajuda a modelar sua cintura, abdômen e quadris, deixando tudo no lugar e lhe dando a confiança que você precisa para arrasar em qualquer ocasião.</p><p><strong>Tecnologia Inovadora de Compressão</strong></p><p>Com sua&nbsp;tecnologia de compressão, esta calcinha modeladora afina a cintura, comprime o abdômen e ainda é confortável de usar no dia a dia.</p><p>Feita para valorizar seu corpo, a&nbsp;<strong>SlimShape</strong>&nbsp;modela na hora as coxas, empina o bumbum e&nbsp;acaba tolamente com as celulites.</p><p>D<strong>iscreta e Confortável</strong></p><p>Com a&nbsp;<strong>SlimShape</strong>, você pode dizer adeus às calcinhas que apertam, incomodam e marcam sob a roupa!</p><p>Sua compressão suave e modelagem perfeita garantem o ajuste ideal para o seu corpo, sem apertar em excesso ou marcar a pele.</p>",8209a8_8235238892ca4ab4a1eb0910629bbb9f~mv2.webp;8209a8_3c96124fd4da4b01a1218d60ec53493e~mv2.webp;8209a8_688e3bbf5a654b2e9f1c9f8f196a7d01~mv2.webp;8209a8_5bc97d76ba7a4ad881fcb4c67ffe7a15~mv2.webp;8209a8_df63a5d7d08445e484e81274e647be94~mv2.webp;8209a8_de6a122aeb7a4cdfa8b0d73b6365adc9~mv2.webp,,,Novidade,179.9,,true,AMOUNT,90.0,InStock,,,,,,,,,,,,,,,,,,,,,Benefícios,"<p>✅Confortável para qualquer situação: em casa, no trabalho, na rua, na festa;</p>

<p>✅Modelagem instantânea que reduz medidas na hora;</p>

<p>✅Formato ‘shortinho’: mais versátil, para usar com saia, vestido e roupas mais justas;</p>

<p>✅Não marca sob a roupa e define perfeitamente a sua silhueta;</p>

<p>✅Tecido com pouca absorção do suor, não esquenta e deixa sua pele respirar.</p>
",,,,,,,,,,,,,,,,,
product_5822753f-8fb2-7617-3f24-5ccae25bc676,Product,Tabagi Stop,"<p>Tabagi Stop, com sua fórmula americana de sucesso, oferece uma abordagem segura e saudável para você abandonar o cigarro e restaurar sua saúde. Projetado para bloquear o desejo de fumar sem sofrimento de abstinência ou efeito rebote, Tabagi Stop pode transformar sua vida.</p>",8209a8_23522571c0f847f3bf63fb239a2c3710~mv2.png;8209a8_2eeee22922994c17b9940ebd05d27c7e~mv2.png;8209a8_753333dae5e54149986ff11d5ad8410d~mv2.jpeg;8209a8_18c6fa13a8dd4bb18f92a5351b541e1a~mv2.png,,,Novidade,297.0,,true,AMOUNT,100.0,InStock,,,,,,,,,,,,,,,,,,,,,Benefícios de Tabagi Stop,"<p><strong>Bloqueia o Desejo de Fumar:</strong> Ajuda a controlar a vontade de fumar, tornando a transição mais suave.</p>

<p><strong>Elimina Tosse e Rouquidão:</strong> Resultados visíveis em até 15 dias, proporcionando alívio respiratório.</p>

<p><strong>Restauração Rápida do Pulmão:</strong> Auxilia na recuperação da saúde pulmonar após anos de tabagismo.</p>

<p><strong>Reduz a Chance de Câncer:</strong> Contribui para diminuir significativamente o risco de desenvolvimento de câncer.</p>

<p><strong>Aumenta Energia e Disposição:</strong> Proporciona mais vitalidade para o seu dia a dia.</p>

<p><strong>Ajuda a Regenerar o Fígado:</strong> Apoia a recuperação da função hepática.</p>
",Como Tabagi Stop Funciona,"<p><strong>Desintoxicação:</strong> O spray auxilia na eliminação das toxinas acumuladas pelo cigarro no seu organismo, atenuando os sintomas de abstinência e a intensidade dos desejos.</p>

<p><strong>Redução do Desejo:</strong> Sua fórmula exclusiva age diretamente na compulsão e nos desejos intensos associados ao vício, promovendo calma e controle.</p>

<p><strong>Evita Depressão e Ansiedade:</strong> Possui propriedades que equilibram as emoções, reduzindo a ansiedade, o estresse e a irritabilidade, prevenindo recaídas.</p>

<p><strong>Sem Efeito Rebote:</strong> Ao fortalecer o sistema nervoso, contribui para um bem-estar duradouro e resiliência, sem o risco de voltar a fumar.</p>
",,,,,,,,,,,,,,,
product_75f44ed6-29f3-0946-5934-8d68d720b857,Product,ZBox TV,"<p>Liberte-se das mensalidades e da programação limitada da TV aberta com a ZBox TV! Desenvolvida para o público brasileiro, oferecemos um dispositivo inovador onde você paga apenas uma vez e garante acesso vitalício a uma vasta gama de conteúdos.</p>",8209a8_5b49a8f677b64881ac1c878d9785a335~mv2.png;8209a8_e6f497be9cd64673a62851b0a7b80f76~mv2.png;8209a8_f6e36fddfb0146b6a1dc816a0a2b567b~mv2.png;8209a8_26b7860db8c24ed981ff7af07f359766~mv2.png;8209a8_6965739dbdfc4622930d01cd47ec938b~mv2.png,,,Novidade,997.0,,true,AMOUNT,500.0,InStock,,,,,,,,,,,,,,,,,,,,,Por que escolher a ZBox TV?,"<p><strong>Acesso Vitalício com Pagamento Único:</strong> Diga adeus às mensalidades! Pague uma única vez e desfrute de entretenimento ilimitado.</p>

<p><strong>Aplicativo Próprio e 100% Funcional:</strong> Cansado de aplicativos que travam? A ZBox TV possui um aplicativo diferenciado, estável e fácil de usar.</p>

<p><strong>Fidelize Clientes e Ganhe Indicações:</strong> Quem experimenta a ZBox TV se torna cliente fiel e ainda indica para amigos e familiares.</p>

<p><strong>Ideal para Quem Busca Variedade:</strong> Explore um universo de filmes, séries, canais e muito mais, tudo em um só lugar.</p>

<p><strong>Praticidade e Simplicidade:</strong> Transforme sua TV em uma Smart TV completa de forma fácil e intuitiva.</p>
",,,,,,,,,,,,,,,,,
product_f07fa89c-b12d-eb7a-9ca7-91dd0b8593a1,Product,Fone de Ouvido TWS,"<p>Desfrute de uma experiência sonora imersiva e sem interrupções com nosso Fone de Ouvido TWS. Com o melhor custo-benefício do mercado, ele oferece tecnologia de cancelamento de ruído para chamadas e áudios nítidos, além de um microfone embutido de alta qualidade para suas conversas.</p>",8209a8_63f344157e4e4673b94d54679d409947~mv2.jpg;8209a8_f4bc370ca6154c7d982a820688572188~mv2.png;8209a8_fe1306dc15584cc5ad9c66cbdc864df9~mv2.png;8209a8_cec3f77d943b4ad5a80dd13885c9af16~mv2.png;8209a8_b8247fb4a1fc495e9179f8b9568ca599~mv2.png;8209a8_e6c99c55904f431ea2754381ecc924ce~mv2.png;8209a8_077f0553f0df4cdaa30b3c0887c65658~mv2.webp,,,Novidade,199.99,,true,AMOUNT,100.0,InStock,,,,,,,,,,,,,,,,,,,,,Principais Características,"<p><strong>Cancelamento de Ruído:</strong> Bloqueia sons externos para uma experiência auditiva imersiva em ligações e reprodução de áudio.</p>

<p><strong>Microfone de Alta Qualidade:</strong> Garante que sua voz seja ouvida com clareza durante as chamadas.</p>

<p><strong>Case Resistente:</strong> Protege os fones contra quedas e impactos, ideal para o dia a dia.</p>

<p><strong>Longa Autonomia:</strong> Desfrute de até 20 horas de uso com a bateria de longa duração.</p>

<p><strong>Kit de Borrachas Ergonômicas:</strong> Acompanha diferentes tamanhos para um encaixe perfeito e confortável em seus ouvidos.</p>

<p><strong>Controles Integrados:</strong> Permite ajustar o volume e alterar as músicas diretamente nos fones, sem precisar usar o celular.</p>
",Benefícios,"<p>Áudio nítido e sem ruídos em chamadas e gravações.</p>

<p>Conforto e encaixe perfeito para longas horas de uso.</p>

<p>Durabilidade e proteção contra imprevistos.</p>

<p>Longa duração da bateria para o dia a dia.</p>

<p>Praticidade com controles de volume e música nos fones.</p>
",Acompanha,"<p>Fone de Ouvido TWS</p>

<p>Case de Carregamento Resistente</p>

<p>Kit de Borrachas Ergonômicas</p>

<p>Cabo de Carregamento</p>
",,,,,,,,,,,,,
product_c4acbc0f-b385-15f2-54b3-ea528c189b0a,Product,Removedor De Cravos Elétrico,"<p>Aparelho Removedor Cravos Espinhas Acne Extrator Vácuo ""A função de vácuo limpa os poros sujos por meio de sucção e aumenta a circulação sanguínea na pele"". Ele vem com 4 cabeças intercambiáveis, que podem oferecer diferentes funções e dar uma limpeza mais profunda para a pele facial. Possui 3 níveis de sucção ajustáveis para ser conveniente no uso de diferentes tipos de pele, uso de cabeças intercambiáveis:</p><p>&nbsp;</p><ol>	<li>Pele esfoliada com diamante: A ponta esfoliante fornece um tratamento não invasivo para esfregar a camada superior da pele para remover células mortas. Isso torna a pele mais macia, com textura mais refinada e mais firme, estimulando sua natureza de renovação celular.</li>	<li>Facelift: O sistema de elevação do vácuo cria uma suave massagem estimulante, estimula a microcirculação, torna a pele mais firme no rosto.</li>	<li>Limpeza profunda dos poros: Único buraco redondo de design exclusivo, pode sugar acne, cravos ou sujeira dentro dos poros, limpeza profunda dos poros e prevenir a acne.</li>	<li>Remoção de rugas: Exclusivo design de furo elíptico pequeno, cria uma massagem suave e estimula o canto dos olhos, nariz, boca, profunda influência na pele em profundidade para eliminar as rugas e prevenir rugas profundas.</li></ol>",8209a8_5ca82610f575453d98823bd6d0364913~mv2.webp;8209a8_9d05322d118c4c7b96ddc0e357fb2b9c~mv2.png;8209a8_3b2987c49e384b36b1f3455f1a4041ef~mv2.png;8209a8_c230fa9b15a34d709093fa23e55f16f8~mv2.png;8209a8_67069faa856f4038b3ec4e45846f9120~mv2.png;8209a8_e5d74119d8bc4cdabec8be63f65e817b~mv2.png;8209a8_93d14adb256b469fb4aa3a1d81d643dc~mv2.jpg;8209a8_79523a5a508a4a05a21e6e7d66372409~mv2.jpg;8209a8_e62620e2d828428090a7331f0c4a7c80~mv2.jpg,,,Novidade,229.99,,true,AMOUNT,100.0,InStock,,,,,,,,,,,,,,,,,,,,,Instruções,"<ol>
	<li>Certifique-se de que a pele esteja limpa antes de usar o dispositivo.</li>
	<li>Selecione a cabeça apropriada de acordo com a função desejada.</li>
	<li>Ajuste o nível de sucção de acordo com o tipo de pele.</li>
	<li>Coloque o dispositivo sobre a área da pele desejada e active a sucção.</li>
	<li>Desloque o dispositivo suavemente sobre a pele para limpar os poros.</li>
	<li>Desligue o dispositivo após o uso e limpe as cabeças intercambiáveis.</li>
</ol>
",Detalhes do produto,"<p>Remove cravos e espinhas de forma eficaz e segura</p>

<p>Aumenta a circulação sanguínea na pele, deixando-a mais saudável e radiante</p>

<p>Estimula a renovação celular, deixando a pele mais macia e firme</p>

<p>Remove células mortas, impurezas e oleosidade dos poros, prevenindo o aparecimento de acne</p>

<p>Remova rugas e linhas finas, deixando a pele mais jovem</p>

<p>3 níveis de sucção ajustáveis para diferentes tipos de pele</p>

<p>4 cabeças intercambiáveis para diferentes funções</p>

<p>Design pequeno e portátil, fácil de transportar</p>

<p>Recarregável por USB</p>
",Características,"<ol>
	<li>Com 3 Velocidades, pode ajustar a potência de acordo com seu gosto e uso.</li>
	<li>Seguro, não-invasivo, sem de dor, nenhum efeito colateral.</li>
	<li>Design pequeno e requintado, fácil de transportar.</li>
	<li>Estimula a circulação sanguínea, enquanto remove as células mortas da pele e sujeira e oleosidade dos poros, revitaliza a pele, firmando e deixando a pele suave.</li>
	<li>Remove os restos da pele, imperfeições, manchas, rugas e pigmentação não desejada na pele.</li>
</ol>
",,,,,,,,,,,,,
product_e6f5573b-ec6c-dc1d-1b7d-b530eee92f9d,Product,Irrigador Oral Limpeza Profunda,"<table>	<tbody>		<tr>			<td>Marca</td>			<td>JOJOSEE</td>		</tr>		<tr>			<td>Fonte de alimentação</td>			<td>Elétrico com fio</td>		</tr>		<tr>			<td>Características especiais</td>			<td>Jato d'água supersônico, Múltiplos modos de operação</td>		</tr>		<tr>			<td>Vantagens do produto</td>			<td>Oferece limpeza profunda com jatos d'água supersônicos e modos personalizáveis, facilitando a higiene bucal e promovendo saúde gengival.Oferece limpeza profunda com jatos d'água supersônicos e modos personalizáveis, facilitando a higiene bucal e promovendo saúde gengival.</td>		</tr>		<tr>			<td>Contagem de unidades</td>			<td>1.00 unidade</td>		</tr>	</tbody></table>",8209a8_bf5ba391267c42aebbc147187d881650~mv2.webp;8209a8_c7e7aa83d28c4a3c98ce327073b14bd3~mv2.webp;8209a8_af1eb7933f01400aadd8ddf3c1419890~mv2.png;8209a8_5726249cfc1048ee8de1c99d9985dc6a~mv2.webp;8209a8_3cc2a41bab3e47aa8543c7f6a8501bcb~mv2.png;8209a8_576103f730024fb4b66edfb9ea917264~mv2.webp;8209a8_bd39f87ba5d04c2dab47e2eed7694b1e~mv2.jpg;8209a8_51d8ac996e974b238f3bebc9a624e3a7~mv2.jpg;8209a8_4f34f45879cf4e89ae24a02c46d28cf3~mv2.jpg;8209a8_72507796b60446bb95ad2675587e1773~mv2.jpg;8209a8_a2a54d9d1d6640dd8d47f93bead323f7~mv2.jpg;8209a8_5ef936c6d81b40a6a7695e3f81aea813~mv2.jpg;8209a8_1ca4b8fc561843aab1e5b63955b6f846~mv2.jpg,,,Novidade,219.9,,true,AMOUNT,100.0,InStock,,,,,,,,,,,,,,,,,,,,,Informações de segurança,"<p>Aviso: Este dispositivo é elétrico e deve ser utilizado com cuidado para evitar choque elétrico. Utilize o irrigador oral apenas para a limpeza profunda dos dentes e gengivas, conforme indicado nas instruções do produto para evitar lesões.</p>
",Instruções,"<p>Prepare o dispositivo como indicado nas instruções do produto. Preencha o tanque com água. Selecione o modo desejado. Aplique a ponta do irrigador sobre a linha dos dentes e gengivas, movendo-a lentamente ao longo dela. Ajuste a pressão de acordo com sua preferência e tolerância. Limpe a unidade após o uso e siga as instruções de manutenção. Lembre-se de usar o irrigador oral apenas para a limpeza profunda dos dentes e gengivas, conforme indicado nas instruções do produto para evitar lesões.</p>
",,,,,,,,,,,,,,,
product_420baf69-ccb6-e081-6908-6ad6f98dc1dc,Product,Kit de Facas Profissional com 6 Peças - Corte Preciso e Design Elegante,"<p>Este Kit de Facas Profissional oferece um conjunto completo de seis peças essenciais para sua cozinha. Com revestimento antiaderente e lâminas super afiadas em aço carbono, proporciona cortes precisos e eficientes. O design elegante na cor preta e o cabo ergonômico garantem segurança e conforto no manuseio.</p>",8209a8_e184fcd8252249ac8cecfb38c060a9bb~mv2.png;8209a8_6edfdaf2ef6246bc99d12cc065416e6a~mv2.png,,,Novidade,219.9,,true,AMOUNT,100.0,InStock,,,,,,,,,,,,,,,,,,,,,Especificações do Produto,"<p><strong>Cabo Ergonômico:</strong> Design que proporciona maior segurança e conforto durante o uso.</p>

<p><strong>Cabo na Cor Preta:</strong> Estilo moderno e elegante para sua cozinha.</p>

<p><strong>Lâmina em Aço Carbono:</strong> Garante alta durabilidade e um corte preciso e equilibrado.</p>

<p><strong>Revestimento Antiaderente:</strong> Facilita o corte e a limpeza das lâminas.</p>
",O Kit Acompanha,"<p>1 Faca de Cozinha</p>

<p>1 Faca para Fatiar</p>

<p>1 Faca para Chef</p>

<p>1 Faca de Aparar</p>

<p>1 Descascador de Legumes</p>

<p>1 Tesoura</p>
",Benefícios,"<p>Lâminas super afiadas para cortes precisos.</p>

<p>Revestimento antiaderente que facilita o uso e a limpeza.</p>

<p>Cabo ergonômico para maior segurança e conforto.</p>

<p>Fabricadas em aço carbono para alta durabilidade.</p>

<p>Kit completo com as principais facas e utensílios para a cozinha.</p>
",,,,,,,,,,,,,
product_e56d2de9-49e3-3a37-e7e4-d31a100da208,Product,Vigor Black,"<p>Desperte sua potência com Vigor Black!<br><br>O suplemento masculino que veio para revolucionar sua energia, desempenho e confiança. Com uma fórmula exclusiva, ele melhora a circulação, aumenta a disposição&nbsp;e garante resultados reais para quem busca vitalidade no dia a dia e na intimidade.</p><p><br>Vigor Black é um suplemento masculino desenvolvido para auxiliar no aumento da libido, melhora da ereção e controle da ejaculação. Sua fórmula exclusiva visa reativar a circulação sanguínea e equilibrar os hormônios, contribuindo para a recuperação da confiança e do desempenho sexual masculino.</p>",8209a8_4ef7b3b0147a48539c42dec46d98b748~mv2.jpg;8209a8_5a196568bf5442d0ae443b7e80f979c9~mv2.jpg;8209a8_06e0bd18d03f4c899af99c15be8acac9~mv2.jpeg;8209a8_1d41660026b7474abe5289468a3cf0d2~mv2.jpg;8209a8_adc2f58d4a854c7696f688e30f7da381~mv2.jpg;8209a8_4dc6e4dff4c94273ab6c8e63e2c17a5a~mv2.jpg;8209a8_e08fa64828a548488fc7c44f44629545~mv2.jpg,,,Novidade,227.0,,true,AMOUNT,100.0,InStock,,,,,,,,,,,,,,,,,,,,,Principais Atuações,"<p><strong>Aumento da Libido:</strong> Formulado para estimular o desejo sexual.</p>

<p><strong>Melhora da Ereção:</strong> Contribui para ereções mais firmes e duradouras através da melhora da circulação sanguínea.</p>

<p><strong>Controle da Ejaculação:</strong> Auxilia no controle da ejaculação precoce, prolongando o prazer.</p>

<p><strong>Aumento da Disposição:</strong> Promove mais energia e vitalidade para o dia a dia.</p>
",Benefícios,"<p>Pode auxiliar na melhora da libido e do desejo sexual.</p>

<p>Contribui para ereções mais firmes e duradouras.</p>

<p>Pode ajudar no controle da ejaculação.</p>

<p>Promove mais energia e disposição.</p>
",Modo de Usar,"<p>A recomendação de uso é de 2 cápsulas ao dia.</p>
",Observações,"<p>Suplemento desenvolvido para auxiliar na saúde sexual masculina.</p>

<p>Consulte um profissional de saúde para informações específicas sobre o uso e dosagem adequados.</p>
",,,,,,,,,,,
product_7daba5c5-73f3-ce72-8ca3-a0817f7f7744,Product,Par de Calcanheira Ortopédica,"<p>Diga adeus às dores nos pés e experimente o conforto supremo com a palmilha de silicone gel ortopédica para calcanhar! Desenvolvida para absorver impactos e reduzir a pressão ao caminhar, essa palmilha é ideal para quem passa longas horas em pé ou sofre com desconfortos nos pés. Feita com silicone macio e dobrável, ela se adapta perfeitamente a qualquer tipo de calçado, garantindo um ajuste seguro e antiderrapante.</p><p>Além de proporcionar amortecimento extra, essa palmilha protege os calcanhares contra atrito e impactos, ajudando a prevenir dores e lesões. Seu design ergonômico oferece suporte ao peso do corpo, melhorando a estabilidade e o equilíbrio. Com ela, cada passo se torna mais leve e confortável, permitindo que você aproveite o dia sem incômodos. Cuide da sua saúde e sinta a diferença de caminhar com mais proteção e bem-estar!</p>",8209a8_0291c8d5a7ba4e9f864cb0d24adf5bde~mv2.jpg;8209a8_f80c83a845e2441f94c6333c032548ef~mv2.jpeg;8209a8_98a06029673c4e16bfce3b99b9fe9c62~mv2.jpg;8209a8_985736314dd34c7cacc264c2f8189966~mv2.jpeg;8209a8_427650882b604fffa3110b245ef82b89~mv2.jpg;8209a8_aa64d45d8425412187f2c4a2a2b57a23~mv2.jpg;8209a8_66e33ebde8704ebc82642989b7a16c82~mv2.jpg;8209a8_522188b0b24a4dac9d98be9a081c0ea1~mv2.jpg,,,Novidade,179.99,,true,AMOUNT,100.0,InStock,,,,,,,,,,,,,,,,,,,,,,,,,,,,,,,,,,,,,,,
product_cc016e0b-83a5-ad2e-c89b-43588629c1c1,Product,Joelheira Ortopédica,"<p>Experimente o máximo em desempenho esportivo com a Joelheira Ortopédica, uma aliada indispensável para atletas dedicados como você. Desenvolvida com tecnologia avançada e design ergonômico, esta joelheira é a escolha perfeita para vôlei, crossfit, corrida e uma variedade de outros esportes.</p><p>*Suporte Firme da Articulação do Joelho:Mantenha-se no controle com um suporte articulado que estabiliza e protege sua articulação durante os movimentos mais intensos.<br>*Imobilizador de Joelho de Compressão:&nbsp;Oferece compressão graduada para promover a circulação sanguínea, reduzir a inflamação e acelerar a recuperação após o exercício.<br>*Conforto Seco e Fácil de Usar:&nbsp;O material elástico e de secagem rápida mantém você confortável, mesmo durante os treinos mais suados, enquanto o design de fácil colocação facilita sua vida agitada.<br>*Alívio Imediato da Dor:&nbsp;Diga adeus às dores persistentes. Nossa joelheira proporciona alívio imediato, permitindo que você se concentre no que realmente importa: seu desempenho extraordinário.<br>*Adequada para a Maioria dos Esportes:&nbsp;Versátil e adaptável, esta joelheira é adequada para uma ampla gama de atividades esportivas, elevando seu jogo em qualquer campo.</p><p><br>Não permita que desconfortos e lesões atrapalhem sua paixão pelo esporte. Invista na sua performance com a Joelheira Ortopédica - a escolha inteligente para atletas que buscam excelência e cuidado com a saúde. Adquira a sua agora e conquiste novos patamares em cada movimento!</p>",8209a8_c40d5bfafafb443483279c84933b1027~mv2.jpg;8209a8_8c2c4cdb2adc400791d399d69c5d088b~mv2.jpg;8209a8_147102e018b142efa72059833e462334~mv2.jpg;8209a8_3498ab34b5fc4606ab8aff829a0930ff~mv2.jpg;8209a8_1297d2450c864a5faf8271cd90c91e23~mv2.jpg;8209a8_665fe552eb3c4b4ebc54f80c96a8a4d2~mv2.jpg;8209a8_649ff5bd04234e24bd6e1843c23b658f~mv2.jpg;8209a8_aabd067d4037459f97fc7e9fe14848e6~mv2.jpg;8209a8_e06f0dbc8a1a4874967b293754575587~mv2.jpg,,,Novidade,199.99,,true,AMOUNT,100.0,InStock,,,,,,,,,,,,,,,,,,,,,,,,,,,,,,,,,,,,,,,
product_9a43c6e6-5458-f5b5-9e4c-f037a3b083db,Product,Cinta Modeladora Com Ziper Feminina Abdominal De Dupla Compressão,"<p>Colete Cinta Modeladora Dupla Compressão Redutor de Medidas Zíper Colchete Tamanho Não dobra, não enrola, não marca na roupa, super confortável, não machuca, reduz de imediato a linha da cintura, corrige a postura, acelera a recuperação pós parto. A cinta é utilizada da cintura até a barriga, seu formato prove a elevação dos seios. O poder de compressão é o equilíbrio perfeito entre uma cinta modeladora e um corselet. Seu efeito de compressão se dá no tecido adiposo subcutâneo. É um modelador mais potente que as cintas convencionais, porém suave para o dia a dia. A Cinta Modeladora não limita os movimentos do tronco como um corselet tradicional. Tem elasticidade que garante a expansão torácica e abdominal completas, sem deixar de dar suporte a coluna e incentivar uma maior consciência corporal e possui alças elásticas ajustáveis.</p>",8209a8_f0a8d3a95c9f404ab00397445b23d873~mv2.jpg;8209a8_a5417c7e5e1f4ff5a54309cb203529fd~mv2.jpg;8209a8_000a1393f09843c6b899097d3e1ce20e~mv2.jpg;8209a8_8b6e2c07f97544efb7a60c8f3b7c70b6~mv2.jpg;8209a8_6e69912d4190440892311d5fc160959c~mv2.jpg;8209a8_09a73ab17ab34f689b8ad8f20476cb76~mv2.jpg;8209a8_0d4cb1f8a96e446aaf343dbab4de473f~mv2.jpg,,,Novidade,189.99,,true,AMOUNT,100.0,InStock,,,,,,,,,,,,,,,,,,,,,Detalhes do produto,"<p>Instruções de cuidados</p>

<p>Não passar a ferro: O calor pode danificar o tecido e os componentes de compressão.</p>

<p>Tipo de fecho</p>

<p>Zíper</p>
",Sobre este item,"<p>Reduz medidas instantaneamente: Define a cintura e eleva os seios.</p>

<p>Confortável para uso diário: Não dobra, não enrola, e não marca na roupa.</p>

<p>Corrige a postura: Oferece suporte à coluna e maior consciência corporal.</p>

<p>Ideal para recuperação pós-parto: Ajuda no ajuste abdominal com compressão moderada.</p>

<p>Ajuste perfeito: Fechamento com colchetes e zíper para dupla segurança.</p>

<p>Design ergonômico: Alças elásticas ajustáveis que não limitam os movimentos.</p>
",,,,,,,,,,,,,,,
product_1c74036c-3c89-a112-0501-fdb0721b28d2,Product,Sutiã Slim Comfort,"<p>Conforto que se sente, sustentação que se vê. Ultra-confortável para usar o dia todo, sem causar dores, irritações ou marcas na pele por arames ou materiais rígidos. Oferece sustentação e segurança ao mesmo tempo.</p><p>&nbsp;</p><p>O Sutiã Comfort UP é a solução ideal para mulheres que buscam o equilíbrio perfeito entre conforto e sustentação. Desenvolvido com materiais de alta qualidade e tecnologia de ponta, ele garante um ajuste perfeito, moldando e sustentando os seios com segurança e elegância, sem causar desconforto ou irritações. É o sutiã ideal para quem não aguenta mais sofrer com aros que machucam e marcas na pele causadas por tecidos rígidos.</p>",8209a8_716cad9d668e454b9dd6aabad9a0d895~mv2.jpg;8209a8_bb9b77261a8a4d36bbb4916e7833473b~mv2.jpg;8209a8_48a177cd358e4e1290939b17e957ad72~mv2.jpg;8209a8_3010a63664f54befb776b34966419fe6~mv2.jpg;8209a8_5fc7879e297942d2beb7b806cd92a8a3~mv2.jpg,,,Novidade,199.99,,true,AMOUNT,100.0,InStock,,,,,,,,,,,,,,,,,,,,,Por que escolher o Sutiã Comfort UP,"<p>✅ Ultra Confortável e Sem Aros: Sinta a liberdade de um sutiã que não causa dores, irritações ou marcas na pele. O Comfort UP foi projetado para ser usado o dia todo, oferecendo uma experiência de conforto incomparável</p>

<p>✅ Sustentação Segura para Seios Grandes: O Comfort UP foi projetado especificamente para oferecer sustentação sem comprometer o conforto. Suas alças e faixas ajustáveis proporcionam um suporte firme, enquanto o bojo removível e a base com silicone garantem que o sutiã permaneça no lugar, proporcionando segurança e sustentação mesmo para seios grandes.</p>

<p>✅ Tecido Leve, Macio e Respirável: Desenvolvido com uma combinação de Nylon e Elastano, o tecido respirável e aveludado evita o acúmulo de suor e oferece frescor ao longo do dia.</p>

<p>✅ Modela e Realça os Seios: O design em V e o bojo flexível moldam os seios de maneira natural, proporcionando um formato bonito e elegante.</p>

<p>✅ Não Marca na Roupa: O tecido tecnológico é aveludado e com corte a laser, exatamente para não marcar na roupa e ficar super confortável ao toque.</p>

<p>✅ Tem ajustes de tamanho nas costas: O Comfort UP possui ajustes de tamanho nas costas para garantir um encaixe perfeito e personalizável, adaptando-se a diferentes formas e tamanhos de corpo.</p>
",Por que o Sutiã Comfort UP é diferente?,"<p>O mais confortável do mercado. O Sutiã Confort UP sustenta seios grandes sem machucar e sem marcar nada na roupa.<br>
O tecido é respirável e extremamente confortável, com toque aveludado</p>
",Como lavar meu Comfort UP?,"<p>O sutiã Comfort UP possui um bojo flexível e super moderno, então você pode lavar ele sem preocupação na sua máquina que ele não vai ficar deformado. Demais né?<br>
Para prolongar a vida útil do seu Comfort UP, indicamos a lavagem no modo delicado da sua máquina de lavar, e se você optar por lavá-lo com um protetor de lavagem, o cuidado será ainda maior!</p>
",DICA AMIGA,"<p>Se você ainda não tem um protetor de lavagem, uma super dica é coloca-lo em uma fronha, amarrando-a com um nózinho.<br>
Ah, e não esqueça de lavá-lo com os fechos de trás abotoados, para evitar que a peça se embole com outras.<br>
Já se você preferir lavar seu Comfort UP na mão, é só deixar ele de molho alguns minutinhos com um sabão de sua preferência, esfregar e enxaguar :)</p>
",Composição,"<p>Ele é composto por 76,6% Nylon e 23,5% Elastano. Essa combinação garante um conforto excepcional, ajuste perfeito e respirabilidade. Com corte a laser e sem aros que machucam, ele oferece sustentação e modela seus seios, proporcionando segurança e confiança o dia todo, durando até 22x vezes mais que um sutiã convencional.</p>
",,,,,,,,,
product_abda38fd-b0fe-fb7d-481d-efaa2be10c70,Product,Body Shaper Modelador,"<ul>	<li>Sinta aquela sensação de tudo firme e no lugar sem perder o ar!</li>	<li>O Body Modelador sem Bojo te proporciona sustentação e segurança, além de modelar confortavelmente suas curvas! Sem contar que ele poder ser usado no melhor estilo outwear, sem nada por cima.</li>	<li>Melhore o caimento daquela roupa que você sempre quis utilizando nosso Modelador! Com tecido duplo na parte frontal de média compressão e reforçado, reduz as medidas da cintura em até 4cm sem incômodos, valoriza suas curvas, melhora a postura e sustenta a região lombar.</li>	<li>Comprime sem incomodar, reduz medidas; Acomoda, sustenta e empina os seios; Se adapta a mulher de qualquer altura; Ajusta para qualquer medida de glúteo; Não enrola e não machuca; Produto antialérgico; Forma Padrão.</li></ul>",8209a8_770ef179767c4db5811be84d12d05613~mv2.webp;8209a8_6d6b71ac9ab9490080e4c82327d3a3a8~mv2.jpg;8209a8_b93d59370f1e4090bfe7a6abaeebd0d4~mv2.jpg;8209a8_40bf298439c04f038b1b94b9b5199af7~mv2.jpg;8209a8_597a703010834ec497d51f10bb810bbb~mv2.jpg;8209a8_d3bb3254a64f48bb950e62daf737885e~mv2.jpg;8209a8_696731ab7cb249288a85f0b6cead30d7~mv2.jpg;8209a8_f0e11329c1de4ce6b77eadd852519177~mv2.jpg;8209a8_14537251cd704f3a921d6b9b07e2ba27~mv2.jpg;8209a8_36f3f3d792a340f3a45ec20cf85dfad6~mv2.jpg;8209a8_8d249ce71686440c8d0e784d929f5a86~mv2.webp,,,Novidade,209.99,,true,AMOUNT,100.0,InStock,,,,,,,,,,,,,,,,,,,,,Detalhes do produto,"<p>Peso do produto ‏ : ‎&nbsp;350 g</p>

<p>Departamento ‏ : ‎&nbsp;Feminino</p>
",,,,,,,,,,,,,,,,,
product_36915132-1323-4888-2188-156b629c04f4,Product,Progressiva Vegetal Creme 500ml,"<p>A Progressiva Vegetal Creme é um tratamento térmico desenvolvido para alisar e alinhar os cabelos, proporcionando um efeito liso duradouro. Sua fórmula avançada, com ingredientes cuidadosamente selecionados, promove o alisamento enquanto trata e condiciona os fios.</p>",8209a8_fbd5f916df3e459fbccef5b86f586f56~mv2.png;8209a8_196e049960674b0d88e5689575b9b814~mv2.png;8209a8_6f86650fc570451897e69440708f54b3~mv2.jpeg;8209a8_934442440bb04a92aa0165bebd9159ac~mv2.jpeg;8209a8_c5b2abdd3b69492e9b89ff63c754a07c~mv2.jpeg;8209a8_de3b13e93a154ff591c215c1ceb7809a~mv2.jpeg,,,Novidade,250.0,,true,AMOUNT,100.0,InStock,,,,,,,,,,,,,,,,,,,,,Principais Atuações,"<p><strong>Alisamento Eficaz:</strong> Promove o alinhamento da fibra capilar, resultando em cabelos mais lisos.</p>

<p><strong>Tratamento Térmico:</strong> Ativado pelo calor do secador e da prancha para um alisamento duradouro.</p>

<p><strong>Condicionamento:</strong> Contém ingredientes que ajudam a amaciar e desembaraçar os cabelos.</p>
",Modo de Usar,"<ol>
	<li>Lave os cabelos 3 vezes com shampoo antirresíduos e enxágue bem.</li>
	<li>Retire todo o excesso de água dos cabelos.</li>
	<li>Aplique o tratamento térmico mecha a mecha, alinhando com um pente fino e retirando o excesso do produto.</li>
	<li>Deixe agir por 40 minutos.</li>
	<li>Seque completamente os cabelos com o secador.</li>
	<li>Finalize pranchando mechas finas de 4 a 8 vezes cada.</li>
</ol>
",Cuidados,"<p>Aplique o produto respeitando 1cm da raiz.</p>

<p>Certifique-se de que os cabelos estejam completamente secos antes de pranchar.</p>
",Composição,"<p>Aqua/Water, Hydroxyethyl Celulose, Hidroxypropyl Guar, Cetearyl Alcohol, Behentrimonium Chloride, Behentrimonium Methosulfate (and) Cetearyl Alcohol, Cetearyl Olivate (and) Sorbitan Olivate, Mineral Oil, Water(and) Polyquaternium - 7(and) Sericin (and) Guar Hydroxypropyltrimonium Chloride (and) Cetrimonium Chloride (and) Behentrimonium Chloride, Glyoxyloyl Carbocysteine (and) Glyoxyloyl Keratin Amino Acids (and) Aqua, Lactic Acid, Petrolatum Acid Violeta 43, Lanolin, Poliquaternium - 67, Cetrimonium Chloride, Phenoxyethanol, Fragrance.</p>
",Observações,"<p>Uso externo.</p>

<p>Mantenha fora do alcance de crianças e animais.</p>

<p>Em caso de contato com os olhos, lave abundantemente com água.</p>
",,,,,,,,,
product_110a9839-f85e-0549-da13-f5bc207ab22e,Product,Shampoo Antirresíduo Profissional - 2 unidades,"<p>O Shampoo Antirresíduo Profissional foi especialmente formulado para remover eficazmente resíduos acumulados de produtos, poluição e oleosidade excessiva dos cabelos. Sua ação realiza uma limpeza profunda, diferente dos shampoos comuns, preparando os fios para receber tratamentos intensivos.</p>",8209a8_a37e8b5b1cb54671ab529156f7694ea2~mv2.png;8209a8_74d6b2f0ef644c4abb85b872a99d3cf8~mv2.png;8209a8_ace4aa864e8745d29aebe49dfe8622d4~mv2.png;8209a8_07572229b4dd4ebf900b71a817c3b740~mv2.png,,,Novidade,250.0,,true,AMOUNT,100.0,InStock,,,,,,,,,,,,,,,,,,,,,Principais Atuações,"<p><strong>Limpeza Profunda:</strong> Remove resíduos de produtos capilares, poluição e oleosidade.</p>

<p><strong>Prepara os Cabelos:</strong> Ideal para usar antes de hidratações, cauterizações e alisamentos, otimizando a absorção dos tratamentos.</p>

<p><strong>Abre as Cutículas:</strong> Facilita a maior absorção de nutrientes e potencializa os resultados dos tratamentos capilares.</p>
",Benefícios,"<p>Cabelos livres de resíduos e impurezas.</p>

<p>Melhora a eficácia de tratamentos capilares.</p>

<p>Cabelos mais receptivos à hidratação e nutrição.</p>

<p>Prepara os fios para processos químicos como alisamentos.</p>
",Modo de Usar,"<p>Aplique o shampoo nos cabelos molhados, massageando suavemente o couro cabeludo e os fios.</p>

<p>Deixe agir por alguns minutos.</p>

<p>Enxágue completamente e prossiga com o tratamento desejado.</p>
",Observações,"<p>Uso profissional.</p>

<p>pH regulado.</p>

<p>Sem sal.</p>

<p>Para melhores resultados, utilize conforme a necessidade de limpeza profunda dos fios e antes de tratamentos específicos.</p>

<p>Valor referente a duas unidades.</p>
",,,,,,,,,,,
product_cdef773a-32a3-d0fa-ea98-e7bb63da434a,Product,Shampoo e Mascara Pro+ 250ml,"<p>A queda de cabelo é um problema que afeta milhões de pessoas, e sabemos como isso pode impactar sua confiança e autoestima. Se você está enfrentando esse desafio e nada parece funcionar, não desanime. O&nbsp;<strong>Shampoo e Máscara 250ml</strong>&nbsp;chegaram para ser a solução que você procura!</p><p>Esses produtos foram formulados para&nbsp;<strong>fortalecer o cabelo desde a raiz</strong>, combater a queda e estimular o crescimento de fios mais saudáveis e volumosos. Se você busca um tratamento eficaz e completo para a saúde capilar, não procure mais! &nbsp;</p><p>&nbsp;</p><p>Nosso&nbsp;<strong>Shampoo e Máscara&nbsp;</strong>são uma combinação poderosa que vai&nbsp;<strong>transformar seu cabelo</strong>. Enquanto o shampoo limpa e fortalece, a máscara penetra profundamente nos fios, reparando e estimulando o crescimento saudável de forma intensa. Juntos, eles formam o tratamento ideal para quem quer resultados rápidos e duradouros.&nbsp;</p>",8209a8_b8c2c51956204378866bb265a41ef363~mv2.png;8209a8_d2abae44d36c431eb4a3f57b6b791510~mv2.png;8209a8_0df4996f599846a991bcc1d63047d60b~mv2.webp,,,Novidade,230.0,,true,AMOUNT,100.0,InStock,,,,,,,,,,,,,,,,,,,,,Por que escolher o Shampoo e Máscara Ativadora ?,"<p><strong>Combate a queda de cabelo</strong>: Ambos os produtos trabalham em conjunto para fortalecer os fios e reduzir a queda, agindo diretamente no couro cabeludo.</p>

<p><strong>Estimula o crescimento saudável</strong>: A fórmula avançada dos produtos aumenta a circulação no couro cabeludo, promovendo o crescimento de novos fios e aumentando a densidade capilar.</p>

<p><strong>Cabelos mais fortes e volumosos</strong>: Com o uso contínuo, seus fios ficarão mais fortes, volumosos e resistentes a danos.</p>

<p><strong>Fórmula nutritiva</strong>: Com ingredientes naturais e poderosos, como vitaminas e óleos essenciais, que nutrem o couro cabeludo e revitalizam os fios.<br>
<strong>Tratamento completo e fácil</strong>: O shampoo limpa sem agredir, enquanto a máscara age profundamente, proporcionando hidratação intensa e recuperação do cabelo de forma eficaz.</p>
",Resultados Comprovados!,"<p>Usuários do&nbsp;<strong>Shampoo e Máscara Ativador de Crescimento 250ml</strong>&nbsp;perceberam uma&nbsp;<strong>redução significativa na queda de cabelo</strong>&nbsp;e um&nbsp;<strong>aumento no volume e brilho dos fios</strong>&nbsp;após apenas algumas semanas de uso. Você também pode ter o cabelo mais forte e saudável que sempre sonhou!&nbsp;</p>
",Recupere Seu Cabelo e Sua Confiança Agora!,"<p>Chegou o momento de recuperar a saúde do seu cabelo e devolver a vitalidade que você tanto deseja. O&nbsp;<strong>Shampoo e Máscara Ativador de Crescimento 250ml</strong>&nbsp;são a chave para fortalecer seus fios, combater a queda e estimular o crescimento de forma natural e eficaz!</p>

<p>Não perca mais tempo!&nbsp;<strong>Garanta o seu agora e comece a transformação capilar hoje mesmo!</strong></p>

<p>COMPRE HOJE E&nbsp;<strong>PAGUE SÓ NA ENTREGA</strong>&nbsp;DO PRODUTO, O&nbsp;<strong>FRETE É&nbsp;</strong><strong>GRÁTIS!</strong></p>
",,,,,,,,,,,,,
product_8023955d-aea4-34f7-ffa5-f7d236c64cda,Product,Máscara Capilar Vita A 500g,"<p>A Máscara Capilar Vita A é um tratamento profissional de 500g formulado com tecnologia de nanorregeneração e tripla ação: repara, hidrata e nutre intensamente os fios. Enriquecida com o poder da vitamina A, esta máscara atua diretamente no equilíbrio capilar, ativando o metabolismo de proteínas e estimulando o crescimento saudável dos fios.</p>",8209a8_ef98ff08affb45e29050b24b732cae4e~mv2.png;8209a8_fd57f1b4fc1a4372a15935d644f6fd58~mv2.png;8209a8_18389f227969433eafc9efda576ca308~mv2.png,,,Novidade,230.0,,true,AMOUNT,100.0,InStock,,,,,,,,,,,,,,,,,,,,,Principais Atuações,"<p><strong>Nanorregeneração:</strong> Tecnologia avançada que repara profundamente os fios danificados.</p>

<p><strong>Tripla Ação:</strong> Repara, hidrata e nutre intensamente a fibra capilar.</p>

<p><strong>Reposição de Massa:</strong> Devolve a massa capilar perdida, fortalecendo a estrutura dos fios.</p>

<p><strong>Elasticidade e Brilho:</strong> Restaura a elasticidade natural e promove um brilho intenso.</p>

<p><strong>Estímulo ao Crescimento:</strong> A vitamina A ativa o metabolismo de proteínas, essencial para o crescimento saudável dos cabelos.</p>

<p><strong>Facilita o Desembaraço:</strong> Possui fórmula altamente condicionante que facilita o pentear.</p>
",Benefícios,"<p>Cabelos reparados e revitalizados.</p>

<p>Fios intensamente hidratados e nutridos.</p>

<p>Maior força e resistência contra a quebra.</p>

<p>Cabelos mais elásticos e com movimento.</p>

<p>Brilho intenso e saudável.</p>

<p>Estímulo ao crescimento capilar saudável.</p>

<p>Desembaraço facilitado.</p>
",Como Usar,"<ol>
	<li>Lave o cabelo e retire o excesso de umidade.</li>
	<li>Aplique a máscara de maneira uniforme pelo comprimento e pontas.</li>
	<li>Massageie mecha por mecha.</li>
	<li>Deixe agir por cerca de 10 minutos.</li>
	<li>Enxágue abundantemente.</li>
</ol>
",Observações,"<p>Máscara de tratamento profissional.</p>

<p>Ideal para cabelos danificados que necessitam de reparação, hidratação e nutrição intensivas.</p>

<p>A vitamina A auxilia no crescimento forte e saudável dos fios.</p>
",,,,,,,,,,,
product_dcd23520-6120-445c-2a8a-1c4b4b61cf52,Product,Cautermix 300ml,"<p>CauterMix é uma aplicação profissional de cauterização capilar, desenvolvida para restaurar a saúde dos fios e revitalizar o cabelo danificado. Nossa cauterização penetra profundamente na fibra capilar, repondo nutrientes essenciais e fortalecendo o cabelo de dentro para fora. O tratamento proporciona um efeito de brilho intenso, maciez e resistência, reduzindo o frizz e promovendo uma aparência saudável e hidratada. Ideal para cabelos que passaram por processos químicos ou estão fragilizados, CauterMix traz uma solução eficiente e duradoura para quem busca um cuidado capilar de alta qualidade.</p>",8209a8_4d1f496cf19946458799ce864f94ab0b~mv2.png;8209a8_7141839a2a5e475e88e4f50160a909d6~mv2.png;8209a8_cec41e6008624bf4a997cf67caa6219b~mv2.png,,,Novidade,250.0,,true,AMOUNT,100.0,InStock,,,,,,,,,,,,,,,,,,,,,,,,,,,,,,,,,,,,,,,
product_89e869ce-429a-cfad-33c7-c37a0d0dc264,Product,Ativador de Crescimento Capilar PRO+,"<p>Desenvolvido por Havana Cosméticos, especialistas em cabelos quimicamente tratados, o Ativador de Crescimento PRO+ é a solução ideal para quem busca fortalecer os fios, estimular o crescimento de novos cabelos e reduzir a queda. Sua fórmula avançada, com mais de 20 ativos diferentes, age diretamente no couro cabeludo para resultados surpreendentes e saudáveis.</p>",8209a8_b3db6f2946ee46e2a47181b9b07d490b~mv2.png,,,Novidade,270.0,,true,AMOUNT,100.0,InStock,,,,,,,,,,,,,,,,,,,,,Principais Atuações,"<p><strong>Fortalecimento do Couro Cabeludo:</strong> Nutre e fortalece a raiz dos cabelos, criando um ambiente saudável para o crescimento.</p>

<p><strong>Estímulo ao Crescimento de Novos Fios:</strong> Ativa a circulação no couro cabeludo, promovendo o surgimento de novos cabelos.</p>

<p><strong>Redução da Queda:</strong> Combate a queda capilar, ajudando a manter seus cabelos mais densos e volumosos.</p>

<p><strong>Tratamento Completo:</strong> Sua fórmula rica em mais de 20 ativos trabalha sinergicamente para tratar a queda e estimular o crescimento de forma eficaz.</p>
",Benefícios,"<p>Cabelo mais forte e resistente.</p>

<p>Crescimento de novos fios visível.</p>

<p>Redução significativa da queda capilar.</p>

<p>Fórmula com múltiplos ativos para um tratamento completo.</p>

<p>Adequado para todos os tipos de cabelo e idades.</p>
",Observações,"<p>Formulado por especialistas em cabelos quimicamente tratados.</p>

<p>Contém ingredientes que nutrem e fortalecem os fios sem agredir.</p>

<p>Para melhores resultados, utilize conforme as instruções de uso.</p>

<p>Produto original, novo e lacrado.</p>
",,,,,,,,,,,,,
product_b550633c-880f-505b-eee6-7245fa17049d,Product,Depilador Skinliss,"<p>O Depilador Skinliss é uma solução moderna e eficiente para uma depilação suave e sem complicações, diretamente no conforto do seu lar. Diga adeus aos métodos tradicionais dolorosos e demorados, e experimente uma pele lisa e macia desde a primeira aplicação.</p>",8209a8_33c2275b639f4f2096545a17f32487c9~mv2.jpg;8209a8_ffd8960711f8401c96b08366784fa81e~mv2.jpg;8209a8_91cb5bde5a644ba7a2a807542af16cfb~mv2.jpg;8209a8_6b798254ca17462b8bccef7db7bb5900~mv2.jpg;8209a8_a835942a62ba44fa914509ea70c0d58e~mv2.jpg;8209a8_5cd939e39a4f4a50866847e982d82b61~mv2.jpg;8209a8_dd57e8edfab04d47824ddfa25bd10657~mv2.jpg;8209a8_50ec0e3e2b444c84aeccc9185917cd3c~mv2.jpg,,,Novidade,189.99,,true,AMOUNT,100.0,InStock,,,,,,,,,,,,,,,,,,,,,Principais Características,"<p><strong>Depilação 100% Indolor:</strong> Desfrute de uma depilação completamente livre de dor, sem os incômodos causados por lâminas, cera quente ou outros métodos.</p>

<p><strong>Rápido e Eficiente:</strong> Depile as áreas desejadas em poucos minutos, otimizando seu tempo e rotina de beleza.</p>

<p><strong>Seguro para a Pele:</strong> Projetado para não causar alergias, cortes, vermelhidão, irritações ou foliculite, proporcionando uma pele saudável e lisinha.</p>

<p><strong>Prático e Portátil:</strong> Bivolt e compacto, pode ser usado em qualquer lugar e a qualquer momento, sem a necessidade de pilhas ou baterias específicas.</p>

<p><strong>Versátil para Todo o Corpo:</strong> Ideal para depilar pernas, braços, axilas, virilhas e outras áreas do corpo que você desejar.</p>

<p><strong>Pele Macia desde a Primeira Aplicação:</strong> Deixa a pele suave e sedosa logo após o uso.</p>
",Benefícios,"<p>Depilação completamente livre de dor.</p>

<p>Processo rápido e eficiente.</p>

<p>Seguro para todos os tipos de pele.</p>

<p>Praticidade para usar em casa.</p>

<p>Portátil e fácil de transportar.</p>

<p>Deixa a pele lisa e macia.</p>

<p>Evita alergias, cortes e foliculite.</p>
",Observações,"<p>Bivolt, adequado para diferentes voltagens.</p>

<p>Portátil e fácil de manusear.</p>

<p>Pode ser utilizado em diversas áreas do corpo.</p>
",,,,,,,,,,,,,
product_fb1c3de5-2ba9-b037-c75b-5ecea942d7e5,Product,Alphasin,"<p>Alphasin é um suplemento alimentar formulado com uma combinação de ingredientes naturais, incluindo extratos vegetais e vitaminas essenciais, desenvolvido para promover a saúde e o bem-estar masculino. Sua formulação única oferece nutrientes com propriedades anti-inflamatórias, antioxidantes e de renovação celular.</p>",8209a8_aa94f64959dd477eb96147ffbd1dc6bb~mv2.png;8209a8_3122b37b0e764a9da7ef3bde38c09146~mv2.png;8209a8_adb8b3427e3b44a6a183869463d93d98~mv2.jpg,,,Novidade,289.99,,true,AMOUNT,100.0,InStock,,,,,,,,,,,,,,,,,,,,,Principais Componentes e seus Benefícios,"<p><strong>Extrato de Rizoma de Cúrcuma Longa:</strong> Auxilia na redução da inflamação da próstata e pode inibir o crescimento de células cancerígenas. Contribui para aumentar os níveis de energia e combater a fadiga.</p>

<p><strong>Extrato de Semente de Uva:</strong> Rico em antioxidantes, conhecidos por suas propriedades contra o câncer, incluindo células cancerígenas da pele, mama, intestino, pulmão, estômago e próstata.</p>

<p><strong>Extrato de Própolis:</strong> Possui propriedades que podem inibir o crescimento do câncer de próstata, além de ser um agente bacteriostático, antiviral e antioxidante.</p>

<p><strong>Vitamina E:</strong> Estudos sugerem que pode ajudar a prevenir e diminuir o crescimento de tumores dependentes da testosterona, como o câncer de próstata.</p>

<p><strong>Vitamina D:</strong> Pode reduzir a probabilidade ou a agressividade do câncer de próstata, inibindo a reprodução de células doentes.</p>

<p><strong>Vitamina B12:</strong> Contribui para mais energia, melhora o condicionamento físico, auxilia no metabolismo de carboidratos, proteínas e gorduras, e pode ajudar na prevenção de doenças neurológicas e na estabilização do humor.</p>

<p><strong>Vitamina B6:</strong> Essencial para diversas reações químicas no sistema nervoso central, importante para o metabolismo e a função hormonal.</p>
",Benefícios,"<p>Contribui para a saúde da próstata.</p>

<p>Possui ação antioxidante.</p>

<p>Auxilia no aumento da energia e vitalidade.</p>

<p>Pode contribuir para a saúde do sistema nervoso.</p>

<p>Fornece nutrientes essenciais para o bem-estar geral.</p>
",Modo de Usar,"<p>Ingerir 1 cápsula ao dia com água, preferencialmente após alguma refeição (manhã ou tarde) para evitar desconforto estomacal. Evitar o consumo à noite.</p>
",Composição,,Observações,"<p>Produto isento de registro conforme RDC 240/2018 da ANVISA.</p>

<p>Formulado com nutrientes naturais.</p>

<p>Não possui contraindicações ou efeitos colaterais conhecidos</p>
",,,,,,,,,
product_1e5afe37-18f0-eb56-e741-6f99f2b38e70,Product,Mop Giratório Esfregão de Limpeza,"<p>O Mop Giratório 3 em 1 é a solução inovadora para uma limpeza doméstica eficiente e sem complicações. Febre nos Estados Unidos, este esfregão foi projetado para otimizar seu tempo e proteger suas mãos, tornando a tarefa de limpar a casa muito mais rápida e confortável.</p>",8209a8_b4801efaea2c4c749e27916bb5b1fe1c~mv2.webp;8209a8_28db33bfb7034959b4a1f3732d5666f0~mv2.webp;8209a8_3bdf4f0dbbab4ca29afb4a074e442842~mv2.webp;8209a8_0131cef1f82943a58a62b000f3dd7ee8~mv2.webp;8209a8_99266a7739e9402e9a8b4489e6c4114c~mv2.webp;8209a8_cb74bed6d4db4842a33c8a67c822d9cc~mv2.webp;8209a8_8519b5da2e334296acd6babcf70e6059~mv2.webp;8209a8_a4c50af9198d4b4c9e7f238066cb5b8a~mv2.webp;8209a8_0241687aac3c42e09d5dbdfecf7ebd2a~mv2.webp;8209a8_0bed0e368e1644868d98b1b3b6cc097d~mv2.webp;8209a8_ab4caa4745bf4b7abd9567be059b9059~mv2.webp;8209a8_0ad13bb630614fa09b771c7935a4b68c~mv2.jpg;8209a8_462274b517b74a8897904b0803513dbc~mv2.webp;8209a8_ec0432d42d3d484492885b73cf6175e3~mv2.webp;8209a8_94b3bda857b84d96835b9e7816eeda8e~mv2.webp,,,Novidade,229.99,,true,AMOUNT,100.0,InStock,,,,,,,,,,,,,,,,,,,,,Principais Características,"<p><strong>Sistema de Torção Automática:</strong> Basta puxar o cabo para espremer a água do esfregão, eliminando o contato das mãos com a água suja e evitando dores nas costas.</p>

<p><strong>Cabeça Giratória 360 Graus:</strong> Permite alcançar todos os cantos e frestas da casa com facilidade, garantindo uma limpeza completa.</p>

<p><strong>Formato Triangular:</strong> Projetado para limpar eficazmente os cantos, removendo a sujeira acumulada.</p>

<p><strong>Cabo Ajustável:</strong> Possui altura regulável até 1,5 metros, adaptando-se à sua necessidade e permitindo limpar pisos, janelas e até paredes e tetos.</p>

<p><strong>Limpeza Sem Respingos:</strong> Controla a umidade do pano, evitando que o chão fique excessivamente molhado.</p>

<p><strong>Ideal para Diversas Superfícies:</strong> Perfeito para limpar pisos, janelas e paredes.</p>
",Benefícios,"<p><strong>Limpeza Rápida e Eficiente:</strong> Reduza drasticamente o tempo gasto na limpeza da casa.</p>

<p><strong>Protege Suas Mãos:</strong> Evite o contato com água suja e produtos de limpeza.</p>

<p><strong>Conforto para a Coluna:</strong> Elimine a necessidade de se curvar para torcer o pano.</p>

<p><strong>Alcança Todos os Cantos:</strong> Limpeza completa, inclusive em áreas difíceis.</p>

<p><strong>Versátil:</strong> Adequado para diferentes tipos de superfícies.</p>
",Observações,"<p>O sistema de torção automática facilita a remoção do excesso de água sem esforço.</p>

<p>A cabeça giratória e o formato triangular otimizam a limpeza em áreas de difícil acesso.</p>

<p>O cabo ajustável proporciona ergonomia e alcance para diversas superfícies.</p>
",,,,,,,,,,,,,
product_022342e8-28fd-3994-7887-1b095b4d1f19,Product,Gel Volumetrão - Potenciador da Performance Masculina,,8209a8_2a969a477c1d415db6fe752e61ef6446~mv2.png;8209a8_c1f81a6fe7e64cc4a6b98a977c66f2a1~mv2.png;8209a8_732f3ab52f554e37a981dca394ade379~mv2.png,,,,207.0,,true,AMOUNT,100.0,InStock,,,,,,,,,,,,,,,,,,,,,Principais Atuações,"<p><strong>Vasodilatação Potente:</strong> Aumenta o fluxo sanguíneo na região genital, resultando em ereções mais firmes e duradouras.</p>

<p><strong>Sensação de Aumento Peniano:</strong> Promove uma notável sensação de aumento no comprimento e na espessura do pênis devido ao aumento da pressão sanguínea.</p>

<p><strong>Retardante Eficaz:</strong> Ajuda a controlar a ejaculação, prolongando o prazer durante a relação sexual.</p>

<p><strong>Melhora da Função Erétil:</strong> Contribui para um melhor controle da ereção e aumento da sensibilidade.</p>
",Benefícios,"<p>Proporciona ereções mais firmes e duradouras.</p>

<p>Confere a sensação de aumento e inchaço do pênis.</p>

<p>Atua como retardante, auxiliando no controle da ejaculação.</p>

<p>Aumenta a sensibilidade na região genital.</p>

<p>Formulado com ingredientes naturais.</p>
",Modo de Usar,"<p>Aplique uma pequena quantidade do Gel Volumetrão em todo o pênis e escroto.</p>

<p>Espalhe o produto de forma uniforme até completa absorção, alguns minutos antes da relação sexual (5 a 10 minutos).</p>
",Composição,"<p>Aqua, Capsicium Annuum Extract, Carboxmethyl Cellulose, Eugenia Caryphyllus (Clove) Bud Oil, Glycerin, Mentha Piperita Oil, Propylparaben.</p>
",Observações,"<p>O efeito do gel é percebido poucos minutos após a aplicação e pode durar em média até 2 horas.</p>

<p>Produto para uso externo. Não ingerir.</p>

<p>Em caso de irritação, suspenda o uso e lave a área com água. Recomenda-se um teste em uma pequena área antes do uso completo.</p>

<p>Pode ser usado com preservativos, certificando-se da completa absorção antes de colocar.</p>

<p>Destinado ao uso por adultos.</p>
",,,,,,,,,
product_ef3b2b7e-8ec8-0545-c7ba-d721fde17e4b,Product,Tônico Mxd20 man,"<p>&nbsp;</p><p>O Tônico Mxd20 Man foi especialmente formulado para homens que desejam estimular o crescimento capilar e fortalecer os fios em diversas áreas, como barba, cabelo e sobrancelhas. Sua fórmula exclusiva, com ingredientes 100% naturais da Amazônia, oferece resultados visíveis e eficazes.</p>",8209a8_1bed536e8e8948d7a1cc0a001e65c92a~mv2.png;8209a8_783c944edadf4344a8989c6f5bba527d~mv2.jpeg;8209a8_fe8cebf82b344aa4a4d13f31d9d0369e~mv2.jpeg;8209a8_d00484b8693946769cee037d4d09cab8~mv2.jpeg;8209a8_00ee820537c841079d9c0dd5b457d46e~mv2.jpeg;8209a8_51174e7061e1427eac35a74e232ffc6a~mv2.jpeg,,,Novidade,237.0,,true,AMOUNT,100.0,InStock,,,,,,,,,,,,,,,,,,,,,Principais Atuações,"<p><strong>Combate à Calvície:</strong> Estimula o crescimento capilar no couro cabeludo, fortalece os fios existentes e reduz a queda.</p>

<p><strong>Preenchimento de Falhas na Barba:</strong> Ativa a circulação local, favorecendo o crescimento e o preenchimento de áreas com falhas, resultando em uma barba mais uniforme e cheia.</p>

<p><strong>Crescimento e Definição das Sobrancelhas:</strong> Estimula o crescimento dos fios das sobrancelhas, preenchendo falhas e promovendo um aspecto mais denso e natural.</p>

<p><strong>Aumento do Volume da Barba:</strong> Fortalece os fios da barba e estimula o crescimento, proporcionando uma aparência mais volumosa e espessa.</p>
",Benefícios,"<p><strong>Estimula o Crescimento Capilar:</strong> Favorece o desenvolvimento de novos fios nas áreas desejadas.</p>

<p><strong>Preenche Falhas:</strong> Ajuda a uniformizar a barba e as sobrancelhas.</p>

<p><strong>Fortalece os Fios:</strong> Contribui para fios mais resistentes e saudáveis.</p>

<p><strong>Reduz a Queda:</strong> Auxilia na diminuição da perda de cabelo.</p>

<p><strong>Fórmula Natural da Amazônia:</strong> Contém ingredientes puros, livres de químicas e aditivos prejudiciais.</p>

<p><strong>Resultados Visíveis:</strong> Com o uso contínuo, os primeiros resultados podem aparecer em 4 a 6 semanas.</p>
",Modo de Usar,"<p>Aplique o tônico diretamente sobre a área limpa e seca (barba, couro cabeludo ou sobrancelhas).</p>

<p>Massageie suavemente com movimentos circulares para garantir a absorção.</p>

<p>Não enxágue.</p>

<p>Utilize de 1 a 2 vezes ao dia para obter melhores resultados.</p>
",Composição,"<p>ÓLEO DE UVA, ÓLEO DE RICINO, ESSENCIAIS, ALCOOL PAFUM, EXTRATO DE SEMENTE ABÓBORA, AMOR CRESCIDO E ÁGUA PURIFICADA.</p>
",Observações,"<p>Para resultados mais expressivos e duradouros, recomenda-se o uso contínuo por 2 a 3 meses.</p>

<p>Os resultados podem variar de pessoa para pessoa.</p>

<p>Produto para uso externo.</p>
",,,,,,,,,
product_fd57735b-7928-bfad-d4fa-74468001bd28,Product,Escova Alisadora 3 em 1,"<p>A Fluxo Escova Alisadora 3 em 1 é a ferramenta revolucionária que transforma a maneira como você alisa o cabelo. Desenvolvida para proporcionar um alisamento rápido, eficiente e sem danificar os fios, ela se tornou um sucesso pela sua praticidade e resultados de salão em casa.</p><p>&nbsp;</p><p><strong>Principais Características:</strong></p><ul>	<li><strong>Alisamento Rápido:</strong> Alisa o cabelo em aproximadamente 15 minutos, economizando tempo no seu dia a dia.</li>	<li><strong>Tecnologia 3 em 1:</strong> Alisa, modela e funciona como um pente, tudo em uma única ferramenta.</li>	<li><strong>Sem Danos:</strong> Projetada para alisar o cabelo com apenas uma passada por mecha, evitando a quebra dos fios causada pelo uso excessivo da chapinha.</li>	<li><strong>Aquecimento Rápido com 5 Níveis de Temperatura:</strong> Pronta para usar assim que ligada, com opções de temperatura para diferentes tipos de cabelo.</li>	<li><strong>25 Mini Placas de Cerâmica:</strong> Divide o cabelo em mechas menores para um alisamento uniforme e eficaz com uma única passada.</li>	<li><strong>Pente Embutido:</strong> Facilita o deslizamento da escova, evitando que o cabelo enrosque e garantindo um alisamento suave desde a raiz.</li>	<li><strong>Tecnologia Antifrizz Profissional:</strong> Deixa o cabelo macio, modelado e sem frizz, com aspecto de recém-saído do salão.</li>	<li><strong>Funciona em Cabelo Seco ou Úmido:</strong> Versátil para diferentes necessidades e momentos.</li></ul><p>&nbsp;</p><p><strong>Benefícios:</strong></p><ul>	<li><strong>Economia de Tempo:</strong> Alisa o cabelo rapidamente, otimizando sua rotina de beleza.</li>	<li><strong>Cabelo Macio e Modelado:</strong> Proporciona um alisamento suave e um visual de salão.</li>	<li><strong>Redução de Danos:</strong> Alisa com menos passadas, preservando a saúde dos fios.</li>	<li><strong>Facilidade de Uso:</strong> Intuitiva e prática para usar em casa.</li>	<li><strong>Versatilidade:</strong> Adequada para diversos tipos de cabelo.</li></ul>",8209a8_ee580871188c482fb077737f840d2dd2~mv2.jpg;8209a8_66157df4a71c4efabc84108c9ef25d35~mv2.webp;8209a8_27bedd26780248888d929049accf331d~mv2.png;8209a8_d7ae73d7b6ce46a48d915a1f296d6790~mv2.png;8209a8_809152a51877459391bb14814ffe67d7~mv2.png;8209a8_220520c70f144734a110092d51f10fc5~mv2.png;8209a8_5190d22ff89646f8ac62c770c9b671ca~mv2.png;8209a8_33babe36a3274c719a5ffdd00156d447~mv2.png;8209a8_46196b977a614aa6bdbe945bfec43089~mv2.png;8209a8_a3ced7571f8e464d9b36893eeaa89500~mv2.png,,,Novidade,199.99,,true,AMOUNT,100.0,InStock,,,,,,,,,,,,,,,,,,,,,,,,,,,,,,,,,,,,,,,
product_c30c0e36-190c-5e36-37d0-d74c5fa1bc92,Product,Fluxo Aspirador de Pó Portátil,"<p>O Fluxo Aspirador de Pó Portátil é uma solução compacta e sem fio para limpezas rápidas e eficientes em diversos ambientes. Sua dupla função de aspirador e soprador oferece versatilidade para lidar com diferentes tipos de sujeira e alcançar áreas de difícil acesso.</p><p>&nbsp;</p><p><strong>Principais Características:</strong></p><ul>	<li><strong>Portátil e Sem Fio:</strong> Design leve e sem a necessidade de cabos para máxima liberdade de movimento.</li>	<li><strong>Dupla Função:</strong> Aspira sujeira e detritos, além de soprar para alcançar cantos e frestas.</li>	<li><strong>Motor Potente em Cobre:</strong> Garante uma boa capacidade de sucção para uma limpeza eficaz.</li>	<li><strong>Bateria Recarregável:</strong> Oferece autonomia para limpezas sem a necessidade de estar conectado à tomada.</li>	<li><strong>Carregamento Versátil:</strong> Pode ser carregado via tomada (bivolt) ou porta USB.</li>	<li><strong>Acessórios Inclusos:</strong> Acompanha bicos e acessórios para diferentes necessidades de limpeza.</li></ul><p>&nbsp;</p><p><strong>Benefícios:</strong></p><ul>	<li><strong>Limpeza Rápida:</strong> Ideal para limpezas emergenciais e do dia a dia.</li>	<li><strong>Versatilidade:</strong> Adequado para carros, estofados, teclados, cantos e outras superfícies.</li>	<li><strong>Facilidade de Uso:</strong> Design intuitivo e sem a complicação de fios.</li>	<li><strong>Portabilidade:</strong> Fácil de transportar e armazenar.</li></ul><p>&nbsp;</p><p><strong>Observações:</strong></p><ul>	<li>A autonomia da bateria pode variar conforme o uso.</li>	<li>A potência do motor é otimizada para limpezas rápidas e superficiais.</li>	<li>Verificar as especificações dos acessórios inclusos para diferentes tipos de limpeza.</li></ul>",8209a8_63b190670a5a4c5ca0e72db1fa881547~mv2.webp;8209a8_a168b58a39934bf791678a196e2b72e5~mv2.png;8209a8_2dc3431eede8410092b30e0f7f63732d~mv2.png;8209a8_e9bb1c341f8a4050b6a9f1e83b297efc~mv2.png;8209a8_e7e6458ea84c4fa09cd3d86ff3b48700~mv2.webp;8209a8_32d1dd85217143458cea4fd87af34048~mv2.webp;8209a8_80b235468b9d4587825c12fd6f5dfa23~mv2.webp;8209a8_bf353daab65e448082a478f6367d17c9~mv2.webp;8209a8_802fbef7de51440fa9b90b69df8ceb8c~mv2.webp,,,Novidade,189.0,,true,AMOUNT,100.0,InStock,,,,,,,,,,,,,,,,,,,,,,,,,,,,,,,,,,,,,,,
product_e23b857a-281e-4090-35c8-7fa4af24e04d,Product,Clareador de Manchas de pele,"<p>Nosso produto foi cuidadosamente desenvolvido para eliminar manchas da pele de forma eficaz e duradoura. Sua fórmula exclusiva, com um diferencial notável, age sem causar o temido efeito rebote, garantindo que as manchas não retornem após o tratamento.</p><p>A singularidade do nosso clareador reside em sua composição inovadora, que inclui uma matéria-prima especial extraída da Amazônia, exclusiva no mercado. Este ingrediente poderoso trabalha em conjunto com o ácido gálico para proporcionar resultados visíveis e uma pele revitalizada.</p><p>&nbsp;</p><p><strong>Benefícios:</strong></p><ul>	<li>Elimina manchas da pele de forma eficaz.</li>	<li>Não causa efeito rebote, garantindo resultados duradouros.</li>	<li>Contém uma matéria-prima exclusiva da Amazônia com potente ação clareadora.</li>	<li>Promove uma pele mais clara e uniforme.</li></ul><p>&nbsp;</p><p><strong>Ideal para diversos tipos de manchas:</strong></p><p>Este clareador é indicado para tratar manchas como:</p><ul>	<li>Manchas da idade</li>	<li>Melasma</li>	<li>Manchas nas axilas</li>	<li>Manchas nas virilhas</li>	<li>Marcas de acne</li></ul>",8209a8_1c93a31102a64c38b275f7de20f6b892~mv2.png;8209a8_f31cc4dd2b464d71a6a1526afc6dcd1f~mv2.webp;8209a8_461a91885a0b4d038cbcdd70fac37622~mv2.jpeg;8209a8_98ef8f658c704853a0e5d1aed1eb8e17~mv2.jpg;8209a8_127a1611965143d589b14ff2d862ab47~mv2.jpeg;8209a8_13c69fea203b4906ae9e39625f6c4f6a~mv2.jpeg;8209a8_5a312ddae3034c9b8fb4518716f9a634~mv2.png,,,Novidade,209.9,,true,AMOUNT,100.0,InStock,,,,,,,,,,,,,,,,,,,,,,,,,,,,,,,,,,,,,,,
product_98ce7a36-1490-3226-a090-0c12d62a639b,Product,Joelheira de Compressão 360,"<p><strong>Desempenho e Proteção para Seus Movimentos</strong></p><p>&nbsp;</p><p>A Joelheira de Compressão 360º foi projetada para oferecer modelagem anatômica e ajuste perfeito, proporcionando suporte essencial durante suas atividades. Sua principal função é auxiliar na redução do desgaste muscular, permitindo que você alcance um desempenho superior por mais tempo e com menor risco de danos.</p><p>Desenvolvida com alta elasticidade, esta joelheira promove aquecimento constante e compressão direcionada na área do joelho. Essa ação contribui para a diminuição da dor e acelera o processo de recuperação após o esforço físico.</p><p>&nbsp;</p><p>&nbsp;</p><p><strong>Benefícios:</strong></p><ul>	<li>Otimiza a entrega de oxigênio aos músculos.</li>	<li>Auxilia na redução do acúmulo de lactato.</li>	<li>Ajuda a prevenir o surgimento de câimbras.</li>	<li>Contribui para a minimização da fadiga muscular.</li></ul><p>&nbsp;</p><p>&nbsp;</p><p><strong>Ideal para diversas atividades:</strong></p><p>Esta joelheira é uma excelente aliada em esportes como Futebol, Vôlei, Basquete, Tênis, Corrida, Ciclismo, Skate e muitas outras modalidades.</p><p>&nbsp;</p><p>&nbsp;</p><p><strong>Tamanho Único:</strong></p><ul>	<li>Altura: 27 cm</li>	<li>Largura: 17 cm</li>	<li>Circunferência de perna recomendada: 45 a 60 cm</li>	<li>Peso recomendado: 60 a 120 kg</li></ul><p>&nbsp;</p><p>&nbsp;</p><p><strong>Observações:</strong></p><ul>	<li>Produto de tamanho único, adequado para as medidas e peso recomendados.</li>	<li>A compressão e o aquecimento proporcionados auxiliam na estabilidade e proteção da rótula/patela durante a prática de exercícios.</li>	<li>O material flexível e resistente garante conforto e durabilidade.</li></ul>",8209a8_dcf4b6e43a6b4083b2a1cd710c9bf046~mv2.webp;8209a8_de60be3790c04c0e83369af6b07e00c5~mv2.webp;8209a8_ee10eabac73442029d5ff92028457c30~mv2.png;8209a8_baac46a5e2cb41d386d8f63959a7d6f9~mv2.png;8209a8_9d50944b9d154cf98ed46789a6356ce3~mv2.webp;8209a8_7d2af6d563514d52aa35164bfd6228b5~mv2.webp;8209a8_11bde5d583b8433eb74b198b632a598e~mv2.webp;8209a8_816a30556d044409b2b0c7d4e519e1a8~mv2.webp;8209a8_eaea78e7c17d478a8ba8432769f32f70~mv2.webp;8209a8_189722d7a4374e5093194304c7198dce~mv2.png;8209a8_5a307227ee214f8492665edc154c5f58~mv2.webp;8209a8_1979bf9220614428bac5792682a0439f~mv2.webp;8209a8_6fe7a5038938487b8297968b482b01ab~mv2.png;8209a8_82e09f6cb9a14a19a5c5c0d8ae8f431b~mv2.png;8209a8_4441c39856fd4c029dd497230984624f~mv2.png,,,Novidade,199.9,,true,AMOUNT,100.0,InStock,,,,,,,,,,,,,,,,,,,,,,,,,,,,,,,,,,,,,,,
